{
    "1": {
        "id": 1,
        "name": "Driscoll’s Strawberries",
        "description": "Driscoll’s Strawberries are consistently the best, sweetest, juiciest strawberries available. This size is the best selling, as it is both convenient for completing a cherished family recipes and for preparing a quick snack straight from the fridge.",
        "price": 4.99,
        "available": 0,
        "weight": 1,
        "perishable": true,
        "categories": [
            "produce",
            "fruits"
        ]
    },
    "2": {
        "id": 2,
        "name": "Nestle Toll House Cookie Dough",
        "description": "Get the classic taste that America loves in a ready to bake dough. Full of our famous morsels, these cookies deliver the semi-sweet chocolate flavor youve come to expect from Nestle Toll House.",
        "price": 7.49,
        "available": 325,
        "weight": 2.25,
        "perishable": true,
        "categories": [
            "snacks",
            "baking"
        ]
    },
    "3": {
        "id": 3,
        "name": "Gotham Greens Gourmet Lettuce Medley",
        "description": "This lovely blend features Gotham Greens' Tropicana green leaf, Red Sail red leaf, Oak leaf, Lollo Rossa and tender Butterhead lettuces. Perfect for a colorful salad that's (almost) grown right in your own backyard!",
        "price": 3.49,
        "available": 10,
        "weight": 0.30,
        "perishable": true,
        "categories": [
            "produce",
            "vegetables"
        ]
    },
    "4": {
        "id": 4,
        "name": "Gold Medal All Purpose Flour",
        "description": "All-purpose bleached flour is great for just about everything but doesn't add any color. It's perfect for baked goods like white sandwich bread and cake.",
        "price": 2.09,
        "available": 299,
        "weight": 2,
        "perishable": false,
        "categories": [
            "baking"
        ]
    },
    "5": {
        "id": 5,
        "name": "Honey Nut Cheerios",
        "description": "You already know that Honey Nut Cheerios Naturally Flavored has the irresistible taste of golden honey, making it a family favorite. Something that everyone can smile about! ",
        "price": 3.99,
        "available": 400,
        "weight": 0.68,
        "perishable": false,
        "categories": [
            "breakfast"
        ]
    },
    "6": {
        "id": 6,
        "name": "Eggo Nutri-Grain Whole Wheat Waffles",
        "description": "Eggo® Nutri-Grain® waffles made with whole wheat have the same light and crispy texture as our original Eggo® Waffles, only with the added bonus of nutritious whole grain! ",
        "price": 3.79,
        "available": 236,
        "weight": 0.25,
        "perishable": true,
        "categories": [
            "breakfast",
            "frozen"
        ]
    },
    "7": {
        "id": 7,
        "name": "Amy's Cheese Pizza",
        "description": "The classic favorite, made with our savory pizza sauce and grated part-skim mozzarella cheese.",
        "price": 8.49,
        "available": 125,
        "weight": 0.81,
        "perishable": true,
        "categories": [
            "frozen",
            "snacks"
        ]
    },
    "8": {
        "id": 8,
        "name": "Birds Eye Steamfresh Fresh Frozen Vegetable Mix",
        "description": "Delicious Birds Eye vegetables in blends that are just right for side dishes and your recipes.",
        "price": 2.99,
        "available": 99,
        "weight": 0.68,
        "perishable": true,
        "categories": [
            "frozen",
            "vegetables"
        ]
    },
    "9": {
        "id": 9,
        "name": "Bare Coconut Chips",
        "description": "Simply made with coconuts, cane sugar, and sea salt.",
        "price": 4.99,
        "available": 3,
        "weight": 0.21,
        "perishable": false,
        "categories": [
            "snacks"
        ]
    },
    "10": {
        "id": 10,
        "name": "Snapple Peach Tea",
        "description": "To Peach their own. Smooth Snapple tea, perfect peach flavor. We made it just for you from the Best Stuff on Earth.",
        "price": 12.99,
        "available": 4,
        "weight": 12,
        "perishable": false,
        "categories": [
            "beverages"
        ]
    }
}